,Product Title, Price,Parent Category,Sub Category,Product Tag,Short Description,Meta,Long Description,Product-Image-(Vincent-will-fill-in),Walmart Price,Shoppers Value,Willow Grove,Main Street Bakery
"Whole, 1 Gallon ",Whole Milk,4.47,All Groceries,Dairy,Refrigerated,Store Brand ,,"Whole, 1 gallon ",https://pilot.myvacayvalet.com/wp-content/uploads/2016/11/fridge-whole-milk-gallon.jpg,3.69,3.51,,
Milk,Whole Milk,2.69,All Groceries,Dairy,Refrigerated,Store Brand ,,"Whole, 1/2 gallon",https://pilot.myvacayvalet.com/wp-content/uploads/2016/11/fridge-whole-milk-half-gallon.jpg,2.21,2.22,,
Milk,2% Milk,4.23,All Groceries,Dairy,Refrigerated,Store Brand,,"2%, 1 gallon ",https://pilot.myvacayvalet.com/wp-content/uploads/2016/11/Fridge-2-percent-gallon-milk.jpg,3.49,3.32,,
Milk,2% Milk,2.67,All Groceries,Dairy,Refrigerated,Store Brand,,"2%, 1/2 gallon",https://pilot.myvacayvalet.com/wp-content/uploads/2016/11/Fridge-2-percent-half-gallon-milk.jpg,2.2,2.04,,
Milk,Chocolate Milk,3.19,All Groceries,Dairy,Refrigerated,Store Brand,,"Chocolate, whole, 1/2 gallon",https://pilot.myvacayvalet.com/wp-content/uploads/2016/11/Chocolate_Half.jpg,2.21,2.63,,
Soy Milk,Soy Milk,4.31,All Groceries,Dairy,Refrigerated,Silk,,"Original, 1/2 gallon",https://pilot.myvacayvalet.com/wp-content/uploads/2016/11/Silk.jpg,3.26,3.56,,
Almond Milk,Almond Milk,4.31,All Groceries,Dairy,Refrigerated,Blue Diamond Original,,"Sweetened, 1/2 gallon",https://pilot.myvacayvalet.com/wp-content/uploads/2016/11/fridge-blue-diamond-milk.jpg,2.97,3.56,,
Half & Half,Half & Half,4.02,All Groceries,Dairy,Refrigerated,Land O Lakes,,1 quart,https://pilot.myvacayvalet.com/wp-content/uploads/2016/11/Land-o-Lakes-quart.jpg,2.68,3.32,,
Half & Half,Half & Half,2.62,All Groceries,Dairy,Refrigerated,Store Brand,,1 quart,https://pilot.myvacayvalet.com/wp-content/uploads/2016/11/halfhalf.jpg,1.98,2.16,,
Butter,Salted Butter,6.35,All Groceries,Dairy,Refrigerated,Land O Lakes,,"salted, 1 pound",https://pilot.myvacayvalet.com/wp-content/uploads/2016/11/LOL-butter.jpg,5.24,4.7,,
Butter,Salted Butter,4.47,All Groceries,Dairy,Refrigerated,Store Brand,,"salted, 1 pound",https://pilot.myvacayvalet.com/wp-content/uploads/2016/11/generic-butter.jpg,3.64,3.69,,
Yogurt,Fat -Free Yogurt,2.58,All Groceries,Dairy,Refrigerated,Store Brand,,"plain, fat free, 32 ounce",https://pilot.myvacayvalet.com/wp-content/uploads/2016/11/fridge-yogurt-32-oz.jpg,,2.13,,
Yogurt,Yogurt - Vanilla ,6.21,All Groceries,Dairy,Refrigerated,Oikos,,"vanilla, 32 ounce",https://pilot.myvacayvalet.com/wp-content/uploads/2016/11/Oikos-32-oz-van-yogurt.jpg,4.94,5.13,,
Yogurt,Greek Yogurt - Plain,6.64,All Groceries,Dairy,Refrigerated,Chobani,,"Greek, 32 ounce",https://pilot.myvacayvalet.com/wp-content/uploads/2016/11/Chobani-greek-yogurt-32-oz.jpg,,5.48,,
Yogurt,Greek Yogurt - Peach,1.31,All Groceries,Dairy,Refrigerated,Chobani,,"Greek, peach, 5.3 ounce",https://pilot.myvacayvalet.com/wp-content/uploads/2016/11/Chobani-peach-5.3.jpg,1,1.08,,
Yogurt,Greek Yogurt - Blueberry,1.31,All Groceries,Dairy,Refrigerated,Chobani,,"Greek, blueberry, 5.3 ounce",https://pilot.myvacayvalet.com/wp-content/uploads/2016/11/Chobani-blueberry.jpg,1,1.08,,
Yogurt,Yogurt - Strawberry,0.88,All Groceries,Dairy,Refrigerated,Yoplait original,,"strawberry, 6 ounce",https://pilot.myvacayvalet.com/wp-content/uploads/2016/11/fridge-yoplait-strawberry-yogurt.jpg,0.66,0.72,,
Yogurt,Yogurt - Peach,0.88,All Groceries,Dairy,Refrigerated,Yoplait original,,"peach, 6 ounce",https://pilot.myvacayvalet.com/wp-content/uploads/2016/11/fridge-yoplait-original-harvest-peach-thumb.jpg,0.66,0.72,,
Yogurt,Yogurt - Vanilla ,0.88,All Groceries,Dairy,Refrigerated,Yoplait original,,"vanilla, 6 ounce",https://pilot.myvacayvalet.com/wp-content/uploads/2016/11/fridge-yoplait-vanilla.jpg,0.66,0.72,,
Yogurt,Yogurt - Vanilla ,3.34,All Groceries,Dairy,Refrigerated,Activia,,"single serve vanilla, 4 ounce, 4 pack",https://pilot.myvacayvalet.com/wp-content/uploads/2016/11/Fridge-activia-vanilla-4-pack.jpg,2.48,2.76,,
"Cheese, American",American Cheese Slices,4.53,All Groceries,Dairy,Refrigerated,Kraft ,,"Sliced, 12 ounce, 16 count",https://pilot.myvacayvalet.com/wp-content/uploads/2016/11/Kraft-cheese-slices.jpg,3.74,,,
"Cheese, Cheddar",Sharp Cheddar Cheese,4.91,All Groceries,Dairy,Refrigerated,Sargento,,"Sliced, sharp, 7 ounce",https://pilot.myvacayvalet.com/wp-content/uploads/2016/11/Sargento-sharp-cheddar-slices.jpg,2.68,4.05,,
"Cheese, Cheddar",Sharp Cheddar Cheese,2.4,All Groceries,Dairy,Refrigerated,Store Brand ,,"Sliced, sharp, 7 ounce",https://pilot.myvacayvalet.com/wp-content/uploads/2016/11/cheese-cheddar-sliced.jpg,1.98,1.85,,
"Cheese, Swiss",Swiss Cheese,4.91,All Groceries,Dairy,Refrigerated,Sargento ,,"Sliced, 7 ounce",https://pilot.myvacayvalet.com/wp-content/uploads/2016/11/Sargento-sliced-swiss.jpg,2.74,4.05,,
"Cheese, Swiss",Swiss Cheese,3.63,All Groceries,Dairy,Refrigerated,Store Brand,,"Sliced, 7 ounce",https://pilot.myvacayvalet.com/wp-content/uploads/2016/11/cheese-swiss-sliced.jpg,2.22,3,,
"Cheese, Provolone",Provolone,4.91,All Groceries,Dairy,Refrigerated,Sargento,,"Sliced, 7 ounce",https://pilot.myvacayvalet.com/wp-content/uploads/2016/11/Sargento-provalone-slices.jpg,2.68,4.05,,
"Cheese, Provolone",Provolone,2.4,All Groceries,Dairy,Refrigerated,Store Brand,,"Sliced, 7 ounce",https://pilot.myvacayvalet.com/wp-content/uploads/2016/11/cheesd-provolone-sliced.jpg,1.98,,,
Cheese,Grated Parmesan,2.79,All Groceries,Dairy,Shelf Stable,Kraft ,,"Grated Parmesan, 3 ounce",https://pilot.myvacayvalet.com/wp-content/uploads/2016/11/Parmasean-3-oz.jpg,1.98,2.3,,
Cheese,Grated Parmesan,6.07,All Groceries,Dairy,Shelf Stable,Kraft,,"Grated Parmesan, 8 ounce",https://pilot.myvacayvalet.com/wp-content/uploads/2016/11/Parmasan-8-oz.jpg,3.72,5.01,,
Cheese,Shredded Sharp Cheddar,4.83,All Groceries,Dairy,"Shelf, Perishable",Sargento,,"Shredded Cheddar Sharp, 8 ounce",https://pilot.myvacayvalet.com/wp-content/uploads/2016/11/Sargento-shredded-cheddar.jpg,2.74,3.99,,
Cheese,Shredded Sharp Cheddar,2.69,All Groceries,Dairy,"Shelf, Perishable",Store Brand,,"Shredded Cheddar Sharp, 8 ounce",https://pilot.myvacayvalet.com/wp-content/uploads/2016/11/cheese-shredded-cheddar.jpg,2.22,1.66,,
Cheese,Mozzarella String Cheese,3.42,All Groceries,Dairy,Refrigerated,Frigo Cheese Heads,,"string, 12 pack",https://pilot.myvacayvalet.com/wp-content/uploads/2016/11/String-cheese.jpg,2.82,,,
Sour Cream,Sour Cream,1.8,All Groceries,Dairy,Refrigerated,Breakstone's,,8 ounce,https://pilot.myvacayvalet.com/wp-content/uploads/2016/11/breakstone-sour-cream-8-oz.jpg,1.48,0.85,,
Sour Cream,Sour Cream,3.1,All Groceries,Dairy,Refrigerated,Breakstone's,,16 ounce,https://pilot.myvacayvalet.com/wp-content/uploads/2016/11/breakstone-sour-cream16-oz.jpg,1.78,2.56,,
Orange Juice,Orange Juice with pulp,6.13,All Groceries,Beverage,Refrigerated,Tropicana,,"with pulp, 59 ounce",https://pilot.myvacayvalet.com/wp-content/uploads/2016/11/Tropicano-with-pulp.jpg,3.24,5.06,,
Orange Juice,"Orange Juice, no pulp",6.13,All Groceries,Beverage,Refrigerated,Tropicana,,"no pulp, 59 ounce",https://pilot.myvacayvalet.com/wp-content/uploads/2016/11/Tropicana-no-pulp.jpg,3.24,5.06,,
"Eggs, Large",Large Eggs,1.43,All Groceries,Eggs,Refrigerated,Store Brand,,1 dozen,https://pilot.myvacayvalet.com/wp-content/uploads/2016/11/carton-of-a-dozen-eggs.jpg,1.18,0.76,,
"Eggs, Large",Large Eggs,0.83,All Groceries,Eggs,Refrigerated,Store Brand,,1/2 dozen,https://pilot.myvacayvalet.com/wp-content/uploads/2016/11/half-dozen-eggs.jpg,0.68,0.42,,
"Eggs, Large",Organic Eggs,5.41,All Groceries,Eggs,Refrigerated,Store Brand ,,"organic, brown, 1 dozen",https://pilot.myvacayvalet.com/wp-content/uploads/2016/11/dozen-brown-eggs.jpg,4.47,,,
"Bacon, Pork",Hardwood Smoked Bacon,6.43,All Groceries,Meat,Refrigerated,Gwaltney ,,"hardwood smoked, 16 ounce",https://pilot.myvacayvalet.com/wp-content/uploads/2016/11/Gwaltney-hardwood_smoked_premium_sliced_bacon_16oz.jpg,3.43,5.31,,
"Bacon, Pork",Bacon,4.58,All Groceries,Meat,Refrigerated,Store Brand,,"Original, 16 ounce",https://pilot.myvacayvalet.com/wp-content/uploads/2016/11/Fridge-bacon-store-brand.jpg,3.63,3.78,,
"Bacon, Turkey",Turkey Bacon,3.82,All Groceries,Meat,Refrigerated,Oscar Mayer,,12 ounce,https://pilot.myvacayvalet.com/wp-content/uploads/2016/11/Oscar-Mayer-turkey-bacon.jpg,2.98,3.15,,
"Sausage, Pork","Maple Sausage, Pork",5.45,All Groceries,Meat,Refrigerated,Jimmy Dean,,"maple, 1 pound roll ",https://pilot.myvacayvalet.com/wp-content/uploads/2016/11/premium_pork_maple_sausage.jpg,3.5,4.5,,
"Sausage, Pork","Sausage Links, Pork",5.39,All Groceries,Meat,Refrigerated,Jimmy Dean,,"links, fully-cooked, 9.6 ounce (12 count)",https://pilot.myvacayvalet.com/wp-content/uploads/2016/11/JD-sausage-links.GIF,3.98,4.45,,
"Sausage, Pork","Sausage Patties, Pork",4.3,All Groceries,Meat,Refrigerated,Johnsonville,,"patties, fresh, 12 ounce. (8-count )_",https://pilot.myvacayvalet.com/wp-content/uploads/2016/11/johnsonville-sausage-pattie.jpg,,3.55,,
"Sausage, Turkey","Sausage Links, Turkey",4.82,All Groceries,Meat,Refrigerated,Jimmy Dean,,"links, fully cooked, 9.6 ounce (12 count)",https://pilot.myvacayvalet.com/wp-content/uploads/2016/11/turkey-sausage-links.jpg,3.98,,,
"Sausage, Turkey","Sausage Patties, Turkey",4.82,All Groceries,Meat,Refrigerated,Jimmy Dean,,"patties, fully cooked, 9.6 ounce (8 count)",https://pilot.myvacayvalet.com/wp-content/uploads/2016/11/turkey-patties.jpg,3.98,,,
"Sausage, Veggie","Sausage Patties, Veggie",4.83,All Groceries,Meat Substitute,Refrigerated,MorningStar Farms ,,"patties, fully cooked,  8 ounce (6-count) ",https://pilot.myvacayvalet.com/wp-content/uploads/2016/11/Morning-star-sausage-box.jpg,,3.99,,
Ham,Honey Ham,5.33,All Groceries,Meat,Refrigerated,Oscar Mayer,,"sliced, honey, 9 ounce",https://pilot.myvacayvalet.com/wp-content/uploads/2016/11/OM-honey-ham.jpg,3.18,4.4,,
Ham,Honey Ham,3.42,All Groceries,Meat,Refrigerated,Store Brand,,"sliced, honey, 9 ounce",https://pilot.myvacayvalet.com/wp-content/uploads/2016/11/honey-ham-store-brand.jpg,2.5,2.82,,
Turkey,Oven Roasted Turkey,5.33,All Groceries,Meat,Refrigerated,Oscar Mayer,,"sliced, oven roasted, 9 ounce",https://pilot.myvacayvalet.com/wp-content/uploads/2016/11/OM-sliced-turkey.jpg,3.33,4.4,,
Turkey,Oven Roasted Turkey,3.43,All Groceries,Meat,Refrigerated,Store Brand,,"sliced, oven roasted, 9 ounce",https://pilot.myvacayvalet.com/wp-content/uploads/2016/11/sliced-turkey-store-brand.jpg,2.5,2.83,,
Roast Beef,"Roast Beef, sliced",4.05,All Groceries,Meat,Refrigerated,Oscar Mayer,,"sliced, slow roasted, 7 ounce",https://pilot.myvacayvalet.com/wp-content/uploads/2016/11/OM-roast-beef.jpg,3.34,,,
Roast Beef,"Roast Beef, sliced",3.74,All Groceries,Meat,Refrigerated,Store Brand,,"sliced, slow roasted, 7 ounce",https://pilot.myvacayvalet.com/wp-content/uploads/2016/11/roast-beef-lunch-Meat.jpg,2.56,3.09,,
Beef Bologna,Beef Bologna,5.18,All Groceries,Meat,Refrigerated,Oscar Mayer,,"sliced, 16 ounce",https://pilot.myvacayvalet.com/wp-content/uploads/2016/11/Fridge_16oz-Beef-Bologna.jpg,4.28,,,
Beef,Ground Beef,3.62,All Groceries,Meat,Refrigerated,Store Brand ,,"Ground, 1 pound 75/25",https://pilot.myvacayvalet.com/wp-content/uploads/2016/11/GroundBeef-1-low.jpg,2.88,2.99,,
Turkey,Ground Turkey,4.82,All Groceries,Meat,Refrigerated,Store Brand,,"Ground, 1 pound ",https://pilot.myvacayvalet.com/wp-content/uploads/2016/11/ground-turkey.jpg,3.98,,,
Chicken ,Chicken Breast,4.64,All Groceries,Meat,Refrigerated,Store Brand,,"breast, fresh, 1 pound",https://pilot.myvacayvalet.com/wp-content/uploads/2016/11/chicken-breast-raw.jpg,3.83,1.99,,
Chicken ,Fried Chicken ,8.09,All Groceries,Meat,Refrigerated,Store Brand,," 8-piece, fried",https://pilot.myvacayvalet.com/wp-content/uploads/2016/11/fried-chicken-8.jpg,5.98,6.68,,
Chicken ,"Rotisserie, Chicken ",9.66,All Groceries,Meat,Refrigerated,Store Brand,,"rotisserie, family size 44 ounce_",https://pilot.myvacayvalet.com/wp-content/uploads/2016/11/rotisserie-chicken.jpg,7.98,,,
Hamburgers ,Hamburger Patties,15.57,All Groceries,Meat,Refrigerated,Bubba Burger,,"patties, beef, 2 pound",https://pilot.myvacayvalet.com/wp-content/uploads/2016/11/bubba-burgers.jpg,11.98,12.86,,
Hot Dogs,Hot Dogs,5.63,All Groceries,Meat,Refrigerated,Ball Park,,"all-beef, 15 ounce (8 count)",https://pilot.myvacayvalet.com/wp-content/uploads/2016/11/Fridge-ballpark-beef-frank-400x400.jpg,2.67,4.65,,
Bread,Whole Wheat Bread,4.75,All Groceries,Bread,"Shelf, Perishable",Pepperidge Farm ,,"sliced, whole wheat, 24 ounce loaf",https://pilot.myvacayvalet.com/wp-content/uploads/2016/11/PF-whole-wheat.jpg,2.98,3.92,,
Bread,Whole Wheat Bread,3.55,All Groceries,Bread,"Shelf, Perishable",Natureês Own,,"sliced, whole wheat, 20 ounce loaf",https://pilot.myvacayvalet.com/wp-content/uploads/2016/11/NO-whole-wheat.jpg,2.88,2.93,,
Bread,White Bread,4.4,All Groceries,Bread,"Shelf, Perishable",Pepperidge Farm,,"sliced, white, 24 ounce loaf",https://pilot.myvacayvalet.com/wp-content/uploads/2016/11/PF-white.jpg,2.98,3.63,,
Bread,White Bread,3.25,All Groceries,Bread,"Shelf, Perishable",Sunbeam Giant,,"sliced, white, 24 ounce loaf",https://pilot.myvacayvalet.com/wp-content/uploads/2016/11/sunbeam-bread.jpg,2.68,2.48,,
Bread,Rye Bread,4.23,All Groceries,Bread,"Shelf, Perishable",Pepperidge Farm,,"sliced, seeded rye, 16 ounce loaf",https://pilot.myvacayvalet.com/wp-content/uploads/2016/11/PF-seeded-rye.jpg,3.34,3.49,,
Bread,Multi-Grain Bread,4.75,All Groceries,Bread,"Shelf, Perishable",Pepperidge Farm,,"sliced, multi-grain, 24 ounce loaf",https://pilot.myvacayvalet.com/wp-content/uploads/2016/11/PF-multi-grain.jpg,2.98,3.92,,
"Bread, Sliced","Gluten Free, Multi-Grain Bread",5.43,All Groceries,Bread,"Shelf, Perishable",Schar,,"multi-grain gluten free, 14 ounce loaf",https://pilot.myvacayvalet.com/wp-content/uploads/2016/11/Schar-gluten-free.jpg,4.48,,,
English Muffins,English Muffins,2.42,All Groceries,Bread,"Shelf, Perishable",Thomasê,,6 count,https://pilot.myvacayvalet.com/wp-content/uploads/2016/11/Thomas_original_EM_package_0.jpg,2,,,
English Muffins,English Muffins,1.55,All Groceries,Bread,"Shelf, Perishable",Store Brand,,6 count,https://pilot.myvacayvalet.com/wp-content/uploads/2016/11/english-muffin-store-brand.jpg,1.18,1.28,,
Bagels,Bagels - Plain,3.13,All Groceries,Bread,"Shelf, Perishable",Store Brand,,"Plain, 6 count",https://pilot.myvacayvalet.com/wp-content/uploads/2016/11/plain-bagels.jpg,2.58,2.05,,
Bagels,Cinnamon Raisin Bagels,3.13,All Groceries,Bread,"Shelf, Perishable",Store Brand,,"Cinnamon & Raisin, 6 count",https://pilot.myvacayvalet.com/wp-content/uploads/2016/11/Cinnamon-Raisin-Bagels-4-1-of-1.jpg,2.58,2.12,,
"Bread, Potato","Bread, Potato",3.8,All Groceries,Bread,"Shelf, Perishable",Martin's ,,sliced,https://pilot.myvacayvalet.com/wp-content/uploads/2016/11/martins-potato-bread.jpg,2.48,3.14,,
Plain Tortillas 10Ó,Plain Tortillas 10”,2.69,All Groceries,Bread,"Shelf, Perishable",Store Brand,,"flour, large, 8 pack",https://pilot.myvacayvalet.com/wp-content/uploads/2016/11/tortilla.jpg,1.98,2.22,,
Plain Tortillas 10Ó,Plain Tortillas 10”,2.7,All Groceries,Bread,"Shelf, Perishable",La Banderita,,"flour, extra large, 10 pack",https://pilot.myvacayvalet.com/wp-content/uploads/2016/11/La-Banderitta-tortilla.jpg,2.23,,,
Taco Shells,Taco Shells,2.34,All Groceries,Bread,Shelf Stable,Old El Paso,,"crunchy corn, 12 pack",https://pilot.myvacayvalet.com/wp-content/uploads/2016/11/old-el-paso-taco-shells.jpg,1.18,1.93,,
Buns,Hot Dog Buns,2.38,All Groceries,Bread,"Shelf, Perishable",Wonder,,"hot dog, 12 ounce, 8 count",https://pilot.myvacayvalet.com/wp-content/uploads/2016/11/shelf-Wonder_ClassicHotDogBuns_Buns_12oz.jpg,1.96,,,
Buns,Hot Dog Buns,1.6,All Groceries,Bread,"Shelf, Perishable",Store Brand,,"hot dog, 12 ounce, 8 count",https://pilot.myvacayvalet.com/wp-content/uploads/2016/11/hotdogBuns.jpg,0.87,1.32,,
Buns,Hamburger Buns,2.03,All Groceries,Bread,"Shelf, Perishable",Wonder,,"burger, 12 ounce, 8 count",https://pilot.myvacayvalet.com/wp-content/uploads/2016/11/shelf-wonder-hamburger-buns.jpg,1.67,,,
Buns,Hamburger Buns,1.6,All Groceries,Bread,"Shelf, Perishable",Store Brand,,"burger, 12 ounce, 8 count",https://pilot.myvacayvalet.com/wp-content/uploads/2016/11/hamburger-buns.jpg,0.87,1.32,,
Fun Pak Cereals,Fun Pak Cereals,4.98,All Groceries,Cereal,Shelf Stable,Kellogg's,,"variety, 8 count",https://pilot.myvacayvalet.com/wp-content/uploads/2016/11/kelloggs-fun-pack.jpg,2.48,4.11,,
Oatmeal,Oatmeal - Variety Pack,4.78,All Groceries,Cereal,Shelf Stable,Quaker,,"flavor variety, 15 ounce, 10 pack",https://pilot.myvacayvalet.com/wp-content/uploads/2016/11/quaker-oatmeal-flavor-variety.jpg,2.18,3.95,,
Oatmeal,Oatmeal - Fruit & Cream,4.78,All Groceries,Cereal,Shelf Stable,Quaker,,"fruit & cream variety, 9.8 ounce, 8 pack",https://pilot.myvacayvalet.com/wp-content/uploads/2016/11/quaker-oatmeal-fruit-and-cream-variety.jpg,2.18,3.95,,
Cheerios,Cheerios,5.11,All Groceries,Cereal,Shelf Stable,General Mills,,"regular, 12 ounce",https://pilot.myvacayvalet.com/wp-content/uploads/2016/11/cheerios-12-oz.jpg,2.98,4.22,,
Honey Nut Cheerios,Honey Nut Cheerios,5.8,All Groceries,Cereal,Shelf Stable,General Mills,,12.25 ounce,https://pilot.myvacayvalet.com/wp-content/uploads/2016/11/Honey-Nut-Cheerios.jpg,2.98,4.79,,
Special K,Special K,5.15,All Groceries,Cereal,Shelf Stable,Kellogg's,,"Original, 12 ounce",https://pilot.myvacayvalet.com/wp-content/uploads/2016/11/special-k-12-oz.jpg,2.98,4.25,,
Frosted Flakes,Frosted Flakes,2.64,All Groceries,Cereal,Shelf Stable,Kellogg's,,10.5 ounce,https://pilot.myvacayvalet.com/wp-content/uploads/2016/11/frosted-flakes.jpg,,2.18,,
Lucky Charms,Lucky Charms,5.8,All Groceries,Cereal,Shelf Stable,General Mills,,16 ounce ,https://pilot.myvacayvalet.com/wp-content/uploads/2016/11/lucky-charms-16-oz.jpg,2.98,4.79,,
Potatoes,Russet Potatoes,3.96,All Groceries,Produce,"Shelf, Perishable",,,"russet, 5 pound bag",https://pilot.myvacayvalet.com/wp-content/uploads/2016/11/shelf-5-lb-bag-potatos.jpg,3.27,2.22,,
Potatoes,Russet Potatoes,1.07,All Groceries,Produce,"Shelf, Perishable",,per pound,"russet, each",https://pilot.myvacayvalet.com/wp-content/uploads/2016/11/single-potato.jpg,0.88,0.59,,
Carrots,"Carrots, Whole",3.61,All Groceries,Produce,Refrigerated,,,"whole, 1 pound bag",https://pilot.myvacayvalet.com/wp-content/uploads/2016/11/Fridge-bag-carrots.jpg,2.98,1.16,,
Carrots,"Carrots, Baby",1.13,All Groceries,Produce,Refrigerated,,,"Baby, 1 pound bag",https://pilot.myvacayvalet.com/wp-content/uploads/2016/11/Fridge-Baby-carrots.jpg,0.93,0.66,,
Onions,Onions,1.08,All Groceries,Produce,"Shelf, Perishable",,per pound,"yellow, each, approx. 12 ounce each",https://pilot.myvacayvalet.com/wp-content/uploads/2016/11/onion.jpg,0.88,0.89,,
Cucumber,Cucumber,0.66,All Groceries,Produce,Refrigerated,,,each,https://pilot.myvacayvalet.com/wp-content/uploads/2016/11/Cucumber.jpg,0.52,0.54,,
Tomatoes,Vine Ripened Tomatoes,2.64,All Groceries,Produce,Shelf Stable,,per pound,"vine ripened, each, approx. 4 ounce each",https://pilot.myvacayvalet.com/wp-content/uploads/2016/11/shelf-Vine-Ripe-Tomatoes.jpg,1.48,2.18,,
Tomatoes,Grape Tomatoes,2.92,All Groceries,Produce,Shelf Stable,,,"grape, 1 pint",https://pilot.myvacayvalet.com/wp-content/uploads/2016/11/grape-tomatoes.jpg,1.97,2.41,,
Tomatoes,Slicing Tomatoes,2.04,All Groceries,Produce,Shelf Stable,,per pound,"slicing, 1 each, approx. 12 ounce each",https://pilot.myvacayvalet.com/wp-content/uploads/2016/11/Tomato-See.jpg,1.68,,,
Mushrooms,Mushrooms,2.04,All Groceries,Produce,Refrigerated,,,"fresh, whole, 16 ounce",https://pilot.myvacayvalet.com/wp-content/uploads/2016/11/mushrooms.jpg,1.68,1.54,,
Broccoli,Broccoli,1.8,All Groceries,Produce,Refrigerated,,,"crown, each",https://pilot.myvacayvalet.com/wp-content/uploads/2016/11/broccoli-crown.jpg,1.48,,,
Iceberg Lettuce,Iceberg Lettuce,1.54,All Groceries,Produce,Refrigerated,,,1 head,https://pilot.myvacayvalet.com/wp-content/uploads/2016/11/iceberglettuce.jpg,0.93,1.27,,
Romaine/Green Leaf Lettuce,Romaine/Green Leaf Lettuce,1.32,All Groceries,Produce,Refrigerated,,,1 head,https://pilot.myvacayvalet.com/wp-content/uploads/2016/11/leaf-lettuce.jpg,0.98,1.09,,
Salad Mix,Salad Mix,3.56,All Groceries,Produce,Refrigerated,,,"classic iceberg lettuce, 1 pound bag",https://pilot.myvacayvalet.com/wp-content/uploads/2016/11/Salad-Mix.jpg,2.94,,,
Apples,Gala Apples,1.78,All Groceries,Produce,"Shelf, Perishable",,per pound,"Gala, 1 each, approx. 8 ounce each",https://pilot.myvacayvalet.com/wp-content/uploads/2016/11/Shelf-apples-gala.jpg,1.47,1.38,,
Apples,Fuji Apples,1.78,All Groceries,Produce,"Shelf, Perishable",,per pound,"Fuji, 1 each, approx. 8 ounce each",https://pilot.myvacayvalet.com/wp-content/uploads/2016/11/fuji-apples.jpg,1.47,,,
Apples,Granny Smith Apples,1.78,All Groceries,Produce,"Shelf, Perishable",,per pound,"Granny Smith, 1 each, approx. 8 ounce each",https://pilot.myvacayvalet.com/wp-content/uploads/2016/11/granny-smith-apple.jpg,1.47,1.28,,
Bananas,Bananas,0.63,All Groceries,Produce,"Shelf, Perishable",,per pound,"1 each, approx. 8 ounce each",https://pilot.myvacayvalet.com/wp-content/uploads/2016/11/banana.jpg,0.49,0.52,,
Macaroni,Macaroni - Mac N Cheese,1.98,All Groceries,Pasta,Shelf Stable,Kraft,,"Mac N Cheese, 7.5 ounce box",https://pilot.myvacayvalet.com/wp-content/uploads/2016/11/kraft-mac-and-cheese-225.jpg,0.98,1.63,,
Macaroni,Pasta - Angel Hair ,1.88,All Groceries,Pasta,Shelf Stable,Barilla,,"angel hair, 1 pound ",https://pilot.myvacayvalet.com/wp-content/uploads/2016/11/shelf-barilla-angel-hair.jpg,1.34,1.55,,
Macaroni,Pasta - Spaghetti ,1.88,All Groceries,Pasta,Shelf Stable,Barilla,,"spaghetti, 1 pound ",https://pilot.myvacayvalet.com/wp-content/uploads/2016/11/shelf-barilla-spaghetti.jpg,1.34,1.55,,
Macaroni,Pasta - Elbows,1.88,All Groceries,Pasta,Shelf Stable,Barilla,,"elbows, 1 pound",https://pilot.myvacayvalet.com/wp-content/uploads/2016/11/elbow.jpg,1.34,1.55,,
Macaroni,Pasta - Penne,1.88,All Groceries,Pasta,Shelf Stable,Barilla,,"penne, 1 pound",https://pilot.myvacayvalet.com/wp-content/uploads/2016/11/shelf-barilla-penne-1lb-1,1.34,1.55,,
Macaroni,Pasta - Shells,1.63,All Groceries,Pasta,Shelf Stable,Barilla,,"shells, 1 pound",https://pilot.myvacayvalet.com/wp-content/uploads/2016/11/shelf-barilla-shells-medium-dry-102384.jpg,1.34,,,
Sauce,Marinara Sauce - Vegetable ,3.31,All Groceries,Other,Shelf Stable,Prego,,"marinara vegetable, 24 ounce",https://pilot.myvacayvalet.com/wp-content/uploads/2016/11/prego-traditional.jpg,1.98,2.73,,
Sauce,Marinara Sauce - Vegetable ,3.3,All Groceries,Other,Shelf Stable,Ragu,,"marinara vegetable, 24 ounce",https://pilot.myvacayvalet.com/wp-content/uploads/2016/11/ragu.jpg,1.77,2.72,,
Sauce,Marinara Sauce - Meat,3.31,All Groceries,Other,Shelf Stable,Prego,,"marinara w/Meat, 24 ounce",https://pilot.myvacayvalet.com/wp-content/uploads/2016/11/prego-Meat.jpg,1.98,2.73,,
Sauce,Marinara Sauce - Meat,3.3,All Groceries,Other,Shelf Stable,Ragu,,"marinara w/ Meat, 24 ounce",https://pilot.myvacayvalet.com/wp-content/uploads/2016/11/ragu-Meat-sauce.jpg,1.64,2.72,,
Beans,Kidney Beans,1.42,All Groceries,Canned,Shelf Stable,Hanover,,"Red Kidney, 15 ounce",https://pilot.myvacayvalet.com/wp-content/uploads/2016/11/Hanover-red-beans.jpg,0.66,1.17,,
Beans,Kidney Beans,0.97,All Groceries,Canned,Shelf Stable,Store Brand,,"Red Kidney, 15 ounce",https://pilot.myvacayvalet.com/wp-content/uploads/2016/11/canned-red-kidney-beans.jpg,0.62,0.8,,
Beans,Black Beans,1.42,All Groceries,Canned,Shelf Stable,Hanover,,"Black, 15 ounce",https://pilot.myvacayvalet.com/wp-content/uploads/2016/11/hanover_black_beans.jpg,0.66,1.17,,
Beans,Black Beans,0.89,All Groceries,Canned,Shelf Stable,Store Brand,,"Black, 15 ounce",https://pilot.myvacayvalet.com/wp-content/uploads/2016/11/shelf-BLACK-BEANS.jpg,0.62,0.73,,
Beans,Great Northern Beans,0.8,All Groceries,Canned,Shelf Stable,Hanover,,"Great Northern, 15 ounce",https://pilot.myvacayvalet.com/wp-content/uploads/2016/11/Hanover-navy-beans.jpg,0.66,,,
Beans,Great Northern Beans,0.85,All Groceries,Canned,Shelf Stable,Store Brand,,"Great Northern, 15 ounce",https://pilot.myvacayvalet.com/wp-content/uploads/2016/11/great-northern-beans.jpg,,0.7,,
Corn,Corn,0.83,All Groceries,Canned,Shelf Stable,Green Giant,,"whole kernel sweet, 15.25 ounce",https://pilot.myvacayvalet.com/wp-content/uploads/2016/11/GG-corn.jpg,0.68,,,
Corn,Corn,0.68,All Groceries,Canned,Shelf Stable,Store Brand,,"whole kernel sweet, 15.25 ounce",https://pilot.myvacayvalet.com/wp-content/uploads/2016/11/corn-whole-kernal.jpg,0.5,0.56,,
Peas,Peas,1.77,All Groceries,Canned,Shelf Stable,Green Giant,,"Sweet peas, 15 ounce",https://pilot.myvacayvalet.com/wp-content/uploads/2016/11/GG-sweet-peas.jpg,0.68,1.46,,
Peas,Peas,0.85,All Groceries,Canned,Shelf Stable,Store Brand,,"Sweet peas, 15 ounce",https://pilot.myvacayvalet.com/wp-content/uploads/2016/11/canned-peas.jpg,0.5,0.7,,
Tomatoes,Diced Tomatoes,1.98,All Groceries,Canned,Shelf Stable,Hunt's,,"diced, 14.5 ounce",https://pilot.myvacayvalet.com/wp-content/uploads/2016/11/Hunts_Diced_Tomatoes.jpg,0.98,1.63,,
Tomatoes,Diced Tomatoes,0.9,All Groceries,Canned,Shelf Stable,Store Brand,,"diced, 14.5 ounce",https://pilot.myvacayvalet.com/wp-content/uploads/2016/11/dicedtomatoes.jpg,0.57,0.74,,
Tomatoes,"Diced Tomatoes, with Green Chilies",1.95,All Groceries,Canned,Shelf Stable,Ro* Tel,,"diced w/ green chilies, 10 ounce",https://pilot.myvacayvalet.com/wp-content/uploads/2016/11/Rotel-tomatoes-w-chilies.jpg,0.98,1.61,,
Tomatoes,Tomato Sauce,1.12,All Groceries,Canned,Shelf Stable,Store Brand,,"sauce, 15 ounce",https://pilot.myvacayvalet.com/wp-content/uploads/2016/11/Tomato_Sauce.jpg,0.92,0.68,,
Tomatoes,Tomato Sauce,1.6,All Groceries,Canned,Shelf Stable,Contadina/ Hunt's,,"sauce, 15 ounce",https://pilot.myvacayvalet.com/wp-content/uploads/2016/11/hunts-tomato-sauce.jpg,0.88,1.32,,
Green Beans,Green Beans,1.94,All Groceries,Canned,Shelf Stable,Del Monte,,"cut, 14.5 ounce",https://pilot.myvacayvalet.com/wp-content/uploads/2016/11/delmonte_cut_green_beans.jpg,0.68,1.6,,
Green Beans,Green Beans,0.74,All Groceries,Canned,Shelf Stable,Store Brand,,"cut, 14.5 ounce",https://pilot.myvacayvalet.com/wp-content/uploads/2016/11/beans.jpg,0.5,0.61,,
Soup,Chicken Noodle Soup,1.69,All Groceries,Canned,Shelf Stable,Campbell's,,"chicken noodle condensed, 10.75 ounce",https://pilot.myvacayvalet.com/wp-content/uploads/2016/11/campbellsCondensed-Chicken-Noodle1.jpg,1,1.39,,
Soup,Chicken Noodle Soup,1.21,All Groceries,Canned,Shelf Stable,Store Brand,,"chicken noodle condensed, 10.75 ounce",https://pilot.myvacayvalet.com/wp-content/uploads/2016/11/chicken-noodle-soup.jpg,1,0.95,,
Soup,Tomato Soup,1.21,All Groceries,Canned,Shelf Stable,Campbell's,,"tomato, condensed, 10.75 ounce",https://pilot.myvacayvalet.com/wp-content/uploads/2016/11/campbells-tomato-soup-484.jpg,1,0.86,,
Soup,Tomato Soup,0.95,All Groceries,Canned,Shelf Stable,Store Brand,,"tomato, condensed, 10.75 ounce",https://pilot.myvacayvalet.com/wp-content/uploads/2016/11/tomato-soup.jpg,0.78,0.66,,
Soup,Minestrone Soup,2.64,All Groceries,Canned,Shelf Stable,Progresso,,"vegetable Minestrone, 19 ounce",https://pilot.myvacayvalet.com/wp-content/uploads/2016/11/progresso-minestrone-vegetable-classics-46239.jpg,1.58,2.18,,
Salad Dressing,Thousand Island Dressing,2.01,All Groceries,Condiments,Shelf Stable,Wish Bone,,"Thousand Island, 8 ounce",https://pilot.myvacayvalet.com/wp-content/uploads/2016/11/shelf-WishboneThousandIsland.jpg,1.32,1.66,,
Salad Dressing,Italian Dressing,1.6,All Groceries,Condiments,Shelf Stable,Wish Bone,,"Italian, 8 ounce",https://pilot.myvacayvalet.com/wp-content/uploads/2016/11/shelf-wishbone-italian.jpg,1.32,,,
Salad Dressing,Ranch Dressing,0,All Groceries,Condiments,Shelf Stable,Wish Bone,,"Ranch, 8 ounce",https://pilot.myvacayvalet.com/wp-content/uploads/2016/11/shelf-Wishbone-Ranch.jpg,,,,
Pickle Relish,"Pickle Relish, Sweet",1.99,All Groceries,Condiments,Shelf Stable,Mt. Olive,,"sweet, 8 ounce",https://pilot.myvacayvalet.com/wp-content/uploads/2016/11/Mt-Olive-Sweet-Relish.jpg,0.96,1.64,,
Pickle Relish,"Pickle Relish, Dill",1.99,All Groceries,Condiments,Shelf Stable,Mt. Olive,,"dill, 8 ounce",https://pilot.myvacayvalet.com/wp-content/uploads/2016/11/Mt-Olive-dill-relish.jpg,,1.64,,
Mayonnaise,Mayonnaise,3.61,All Groceries,Condiments,Shelf Stable,Hellmann's,,8 ounce,https://pilot.myvacayvalet.com/wp-content/uploads/2016/11/Hellman's-mayo.jpg,2.98,2.26,,
"Mustard_, Yellow","Mustard_, Yellow",1.71,All Groceries,Condiments,Shelf Stable,French's,,8 ounce,https://pilot.myvacayvalet.com/wp-content/uploads/2016/11/Classic-Yellow_Overview.jpg,1.14,1.41,,
"Mustard, Dijon ","Mustard, Dijon ",3.61,All Groceries,Condiments,Shelf Stable,Grey Poupon,,8 ounce,https://pilot.myvacayvalet.com/wp-content/uploads/2016/11/grey_poupon_dijon.jpg,2.98,2.87,,
Ketchup_,Ketchup_,2.16,All Groceries,Condiments,Shelf Stable,Heinz,,8 ounce,https://pilot.myvacayvalet.com/wp-content/uploads/2016/11/HZK_3D_38oz-Ketchup-small.jpg,1.78,1.76,,
Taco Seasoning,Taco Seasoning,1.02,All Groceries,Other,Shelf Stable,Old El Paso,,"Original, 1 ounce",https://pilot.myvacayvalet.com/wp-content/uploads/2016/11/seasoning-mix-taco-large.jpg,0.78,0.84,,
Tortilla Chips,Tortilla Chips,4.53,All Groceries,Snack,Shelf Stable,Tostitos,,"corn, 9 ounce",https://pilot.myvacayvalet.com/wp-content/uploads/2016/11/tostitos.jpg,,3.74,,
Salsa,Salsa,3.33,All Groceries,Snack,Shelf Stable,Pace,,"chunky, medium, 16 ounce",https://pilot.myvacayvalet.com/wp-content/uploads/2016/11/pace-salsa.jpg,1.62,2.75,,
Doritos & Cheetos Mix,Doritos & Cheetos Mix,8.45,All Groceries,Snack,Shelf Stable,Frito Lay,,"Classic Variety Pack, 20, 1-ounce bags",https://pilot.myvacayvalet.com/wp-content/uploads/2016/11/doritos-cheetos-mix-pack.jpg,6.98,6.85,,
Utz Snack Pack Potato Chips,Utz Snack Pack Potato Chips,4.26,All Groceries,Snack,Shelf Stable,Utz,,"Variety Pack, 12, 1-ounce bags",https://pilot.myvacayvalet.com/wp-content/uploads/2016/11/shelf-utz-snack-pack.jpg,3.22,3.52,,
"Popcorn, Microwave","Popcorn, Microwave",6.39,All Groceries,Snack,Shelf Stable,Orville Redenbacher's,,"movie theater butter, 6 count",https://pilot.myvacayvalet.com/wp-content/uploads/2016/11/redenbacher-movie-theater-popcorn.jpg,2.96,5.28,,
Goldfish,Goldfish,2.82,All Groceries,Snack,Shelf Stable,Pepperidge Farm,,"Cheddar baked, 6.6 ounce",https://pilot.myvacayvalet.com/wp-content/uploads/2016/11/goldfish.jpg,1.98,2.33,,
Peanut Butter,Creamy Peanut Butter,3.28,All Groceries,Other,Shelf Stable,Jif,,"creamy, 16 ounce",https://pilot.myvacayvalet.com/wp-content/uploads/2016/11/jif-creamy.jpg,2.48,2.71,,
Peanut Butter,Chunky Peanut Butter,3.28,All Groceries,Other,Shelf Stable,Skippy,,"chunky, 16.3 ounce",https://pilot.myvacayvalet.com/wp-content/uploads/2016/11/skippy-chunky.jpg,2.58,2.71,,
Peanut Butter,Creamy Peanut Butter,3.3,All Groceries,Other,Shelf Stable,Smucker's,,"creamy, all natural, 16 ounce",https://pilot.myvacayvalet.com/wp-content/uploads/2016/11/peanut-butter-smuckers-creamy.jpg,2.72,,,
Jam,Jam,3.62,All Groceries,Other,Shelf Stable,Smucker's,,"strawberry, 18 ounce",https://pilot.myvacayvalet.com/wp-content/uploads/2016/11/smuckers-strawberry-jam.jpg,2.54,2.99,,
Jelly,Jelly,2.64,All Groceries,Other,Shelf Stable,Smucker's,,"grape, 18 ounce",https://pilot.myvacayvalet.com/wp-content/uploads/2016/11/smuckers-grape-jelly.jpg,1.93,2.18,,
Preserves,Preserves,2.64,All Groceries,Other,Shelf Stable,Smucker's,,"strawberry, 12 ounce",https://pilot.myvacayvalet.com/wp-content/uploads/2016/11/smuckers-strawberry-preserves.jpg,,2.18,,
Honey,Honey,5.63,All Groceries,Other,Shelf Stable,Sue Bee,,"clover, 12 ounce",https://pilot.myvacayvalet.com/wp-content/uploads/2016/11/Sue-Bee-Bear-12-oz-500x800.jpg,,4.65,,
Honey,Honey,4.02,All Groceries,Other,Shelf Stable,Busy Bee Bear,,"clover, 12 ounce",https://pilot.myvacayvalet.com/wp-content/uploads/2016/11/busy-bee-bear-honey.jpg,3.32,,,
Maple Syrup,Maple Syrup,5.09,All Groceries,Other,Shelf Stable,Aunt Jemima,,"Original, 24 ounce",https://pilot.myvacayvalet.com/wp-content/uploads/2016/11/Shelf-aunt-jemima-syrup-24-oz.jpg,2.98,4.2,,
Pancake/Waffle Mix,Pancake/Waffle Mix,3.6,All Groceries,Other,Shelf Stable,Aunt Jemima,,"Complete, Original, 32 ounce",https://pilot.myvacayvalet.com/wp-content/uploads/2016/11/Shelf-aunt-jemima-pancake-waffle-mix.jpg,2.5,2.97,,
Coffee,Ground Coffee - Breakfast Blend,4.93,All Groceries,Beverage,Shelf Stable,Folgers,,"ground, breakfast blend, 10.8 ounce",https://pilot.myvacayvalet.com/wp-content/uploads/2016/11/folgers-coffee-breakfast-blend.jpg,,4.07,,
Coffee,Ground Coffee - Medium Classic,4.77,All Groceries,Beverage,Shelf Stable,Folgers,,"ground, medium classic, 11.3 ounce",https://pilot.myvacayvalet.com/wp-content/uploads/2016/11/folgers-medium-roast-coffee.jpg,3.94,,,
Tea,Tea,1.98,All Groceries,Beverage,Shelf Stable,Lipton,,"black, bags, 20 count ",https://pilot.myvacayvalet.com/wp-content/uploads/2016/11/LIPTON-BLACK-TEA-BAG-20ct,,1.63,,
Soda,Cola,1.19,All Groceries,Beverage,Shelf Stable,Pepsi,,"Cola, 2 liter",https://pilot.myvacayvalet.com/wp-content/uploads/2016/11/Pepsi-regular.jpg,,0.98,,
Soda,Cola,1.17,All Groceries,Beverage,Shelf Stable,Coke,,"Cola, 2 liter",https://pilot.myvacayvalet.com/wp-content/uploads/2016/11/coke.jpg,,0.96,,
Soda,Diet Cola,1.19,All Groceries,Beverage,Shelf Stable,Pepsi,,"Diet Cola, 2 liter",https://pilot.myvacayvalet.com/wp-content/uploads/2016/11/pepsi-diet-copy.jpg,,0.98,,
Soda,Diet Cola,1.17,All Groceries,Beverage,Shelf Stable,Coke,,"Diet Cola, 2 liter",https://pilot.myvacayvalet.com/wp-content/uploads/2016/11/coke-diet.jpg,,0.96,,
Water,Water,4.35,All Groceries,Beverage,Shelf Stable,Nestle',,"16 ounce, 24 count",https://pilot.myvacayvalet.com/wp-content/uploads/2016/11/Nestle-bottled-water.jpg,,3.59,,
Water,Water,3.56,All Groceries,Beverage,Shelf Stable,Store Brand,,"16 ounce, 24 count",https://pilot.myvacayvalet.com/wp-content/uploads/2016/11/bottle-water.jpg,,2.94,,
Plates,Plates,4.02,All Groceries,Paper Products,Shelf Stable,Chinet,,"10"" dinner, 15 count",https://pilot.myvacayvalet.com/wp-content/uploads/2016/11/chinet-dinner-plates.jpg,,3.32,,
Towels,Towels,2.64,All Groceries,Paper Products,Shelf Stable,Bounty,,"full sheets, roll",https://pilot.myvacayvalet.com/wp-content/uploads/2016/11/shelf-bounty-paper-towels.jpg,,2.18,,
Forks,Forks,1.18,All Groceries,Kitchen Ware,Shelf Stable,Store Brand,,24 count,https://pilot.myvacayvalet.com/wp-content/uploads/2016/11/plastic_forks.jpg,0.97,0.84,,
Spoons,Spoons,1.18,All Groceries,Kitchen Ware,Shelf Stable,Store Brand,,24 count,https://pilot.myvacayvalet.com/wp-content/uploads/2016/11/plastic-spoons.jpg,0.97,0.84,,
Plastic Wrap,Plastic Wrap,1.99,All Groceries,Kitchen Ware,Shelf Stable,Glad,,"cling wrap, 100 square feet",https://pilot.myvacayvalet.com/wp-content/uploads/2016/11/GLAD-CLING-WRAP-100-SQ.FT,,1.64,,
Plastic Wrap,Plastic Wrap,3.01,All Groceries,Kitchen Ware,Shelf Stable,Glad,,"cling wrap, 200 '",https://pilot.myvacayvalet.com/wp-content/uploads/2016/11/glad-cling-wrap-200.jpg,2.48,,,
Aluminum Foil,Aluminum Foil,2.07,All Groceries,Kitchen Ware,Shelf Stable,Reynolds,,30 ',https://pilot.myvacayvalet.com/wp-content/uploads/2016/11/reynolds-aluminum-foil-30.jpg,1.66,1.71,,
Baggies,Baggies,3.61,All Groceries,Kitchen Ware,Shelf Stable,Ziploc,,"easy-open, quart sized, 20 count",https://pilot.myvacayvalet.com/wp-content/uploads/2016/11/shelf-ziploc-bags.jpg,2.98,2.3,,
Diapers,Diapers - Size 1,14.75,All Groceries,Baby,Shelf Stable,Huggies,,"size 1, 35 count",https://pilot.myvacayvalet.com/wp-content/uploads/2016/11/huggies-sz-1.jpg,8.96,12.19,,
Diapers,Diapers - Size 2,11.97,All Groceries,Baby,Shelf Stable,Huggies,,"size 2, 32 count ",https://pilot.myvacayvalet.com/wp-content/uploads/2016/11/huggies-sz-2.jpg,8.96,9.89,,
Diapers,Diapers - Size 3,15.12,All Groceries,Baby,Shelf Stable,Huggies,,"size 3, 32 count",https://pilot.myvacayvalet.com/wp-content/uploads/2016/11/huggies-sz-3.jpg,8.96,12.49,,
Diapers,Diapers - Size 4,11.97,All Groceries,Baby,Shelf Stable,Huggies,,"size 4, 29 count",https://pilot.myvacayvalet.com/wp-content/uploads/2016/11/huggies-sz-4.jpg,8.96,9.89,,
Diapers,Diapers - Size 5,11.97,All Groceries,Baby,Shelf Stable,Huggies,,"size 5, 24 count",https://pilot.myvacayvalet.com/wp-content/uploads/2016/11/huggies-sz-5.jpg,8.96,9.89,,
Diapers,Diapers - Size 1,13.3,All Groceries,Baby,Shelf Stable,Pampers,,"size 1, 35 count",https://pilot.myvacayvalet.com/wp-content/uploads/2016/11/pampers-sz-1.jpg,8.97,10.99,,
Diapers,Diapers - Size 2,13.3,All Groceries,Baby,Shelf Stable,Pampers,,"size 2, 32 count",https://pilot.myvacayvalet.com/wp-content/uploads/2016/11/papmers-sz-2.jpg,8.97,10.99,,
Diapers,Diapers - Size 3,13.44,All Groceries,Baby,Shelf Stable,Pampers,,"size 3, 32 count",https://pilot.myvacayvalet.com/wp-content/uploads/2016/11/pampers-sz-3.jpg,8.97,11.1,,
Diapers,Diapers - Size 4,13.44,All Groceries,Baby,Shelf Stable,Pampers,,"size 4, 29 count",https://pilot.myvacayvalet.com/wp-content/uploads/2016/11/Pampers-sz-4.jpg,8.97,11.1,,
Diapers,Diapers - Size 5,13.3,All Groceries,Baby,Shelf Stable,Pampers,,"size 5, 24 count",https://pilot.myvacayvalet.com/wp-content/uploads/2016/11/papmers-sz-5.jpg,8.97,10.99,,
Baby Wipes,Baby Wipes,3.22,All Groceries,Baby,Shelf Stable,Huggies,,"once and done, 56 count",https://pilot.myvacayvalet.com/wp-content/uploads/2016/11/huggies-Baby-wipes.jpg,1.97,2.66,,
Baby Wipes,Baby Wipes,1.07,All Groceries,Baby,Shelf Stable,Store Brand,,80 count,https://pilot.myvacayvalet.com/wp-content/uploads/2016/11/baby-wipes.png,,0.88,,
Pain Reliever,Acetaminophen - Children's,8.03,All Groceries,"Baby,Child",Shelf Stable,PediaCare,,"acetaminophen, 4 ounce, grape",https://pilot.myvacayvalet.com/wp-content/uploads/2016/11/pediacare-4-oz.jpg,,6.63,,
Pain Reliever,Tylenol - Children's,6.87,All Groceries,"Baby,Child",Shelf Stable,Tylenol,,"acetaminophen, 4 ounce, grape",https://pilot.myvacayvalet.com/wp-content/uploads/2016/11/tylenol-4-oz.jpeg,5.67,,,
Pain Reliever,Ibuprofen - Children's,7.63,All Groceries,"Baby,Child",Shelf Stable,Advil,,"ibuprofen, 4 ounce, grape",https://pilot.myvacayvalet.com/wp-content/uploads/2016/11/advil-4-oz.jpg,5.48,6.3,,
Cereal,Baby Cereal,3.33,All Groceries,Baby,Shelf Stable,Gerber,,"single grain, 8 ounce",https://pilot.myvacayvalet.com/wp-content/uploads/2016/11/gerber-rice-8-oz.jpg,2.18,2.75,,
Cereal,Organic Baby Cereal,4.6,All Groceries,Baby,Shelf Stable,Gerber,,single grain/ organic,https://pilot.myvacayvalet.com/wp-content/uploads/2016/11/Gerber-organic-oatmeal-cereal.jpg,,3.8,,
Food Pouch,"Food Pouch - Apple, Peach, Strawberry",1.37,All Groceries,Baby,Shelf Stable,Beech Nut,,"apple, peach, strawberry, 4 ounce",https://pilot.myvacayvalet.com/wp-content/uploads/2016/11/shelf-Beech-Nut-APS-fruitie.jpg,,1.13,,
Food Pouch,"Organic Food Pouch - Pears, Peaches, Strawberries",1.43,All Groceries,Baby,Shelf Stable,Gerber organic,,"pears, peaches, strawberries, 4 ounce",https://pilot.myvacayvalet.com/wp-content/uploads/2016/11/Gerber-fruit-PPS.jpg,1.18,,,
Food Pouch,"Organic Food Pouch - Pears, Spinach",1.43,All Groceries,Baby,Shelf Stable,Gerber organic,,"pear, spinach, 3.5 ounce",https://pilot.myvacayvalet.com/wp-content/uploads/2016/11/Gerber-organic-pear-spinach.jpg,1.18,,,
Formula,Baby Formula,22.61,All Groceries,Baby,Shelf Stable,Similac,,"advance w/ iron, 12.4 ounce",https://pilot.myvacayvalet.com/wp-content/uploads/2016/11/Similac-12.4-oz.jpg,15.78,18.68,,
Juice,Fruit Juice,3.33,All Groceries,"Baby,Child",Shelf Stable,Capri Sun,,"fruit, 6 ounce, 10 count_",https://pilot.myvacayvalet.com/wp-content/uploads/2016/11/fruit-punch.jpg,2.48,2.75,,
Juice,Juice - Pacific Cooler,3.33,All Groceries,"Baby,Child",Shelf Stable,Capri Sun,,"pacific cooler, 6 ounce, 10 count",https://pilot.myvacayvalet.com/wp-content/uploads/2016/11/cooler.jpg,2.48,2.75,,
Fruit,Applesauce,2.72,All Groceries,"Baby,Child",Shelf Stable,Motts,,"applesauce, original, 4 ounce, 6 count",https://pilot.myvacayvalet.com/wp-content/uploads/2016/11/mott-org.jpg,1.98,2.24,,
Fruit,Applesauce,1.99,All Groceries,"Baby,Child",Shelf Stable,Store Brand,,"applesauce, original, 4 ounce, 6 count",https://pilot.myvacayvalet.com/wp-content/uploads/2016/11/generic-apple-sauce.jpg,1.52,1.64,,
Fruit,Applesauce - Squeezable,2.58,All Groceries,"Baby,Child",Shelf Stable,Mussleman's,,"applesauce, squeezables, 3 ounce, 4 count",https://pilot.myvacayvalet.com/wp-content/uploads/2016/11/MusselmanLogo_withApples1.jpg,,2.13,,
Fruit,Applesauce - Unsweetened,2.58,All Groceries,"Baby,Child",Shelf Stable,Mussleman's,,"applesauce, unsweetened, squeezables, 3 ounce, 4 count",https://pilot.myvacayvalet.com/wp-content/uploads/2016/11/musslemans-unsweetened-pouches.jpg,,2.13,,
Yogurt,Kids Yogurt - Apple Berry,6.47,All Groceries,"Baby,Child","Shelf, Perishable",GoGo squeeZ,,"apple berry, 3.2 ounces, 12 count",https://pilot.myvacayvalet.com/wp-content/uploads/2016/11/gogo-appleberry.jpg,5.34,,,
Yogurt,Kids Yogurt - Strawberry-Banana & Watermelon,2.95,All Groceries,"Baby,Child","Shelf, Perishable",Go-Gurt,,"strawberry-banana & watermelon, 2.oz, 8 count",https://pilot.myvacayvalet.com/wp-content/uploads/2016/11/gogurt-sbw.jpg,,2.43,,
Yogurt,Kids Yogurt - Berry / Strawberry,3.28,All Groceries,"Baby,Child","Shelf, Perishable",Go-Gurt,,"berry/ strawberry, 2 ounce, 8 count",https://pilot.myvacayvalet.com/wp-content/uploads/2016/11/gogurt-sb.jpg,,2.71,,
Yogurt,Kids Yogurt - Raspberry,3.47,All Groceries,"Baby,Child","Shelf, Perishable",Danimals,,"raspberry, 3 ounce, 6 count",https://pilot.myvacayvalet.com/wp-content/uploads/2016/11/danimals-rasp.jpg,,2.86,,
Yogurt,Kids Yogurt - Strawberry/Kiwi,3.34,All Groceries,"Baby,Child","Shelf, Perishable",Danimals,,"strawberry/ kiwi, 3 ounce, 6 count",https://pilot.myvacayvalet.com/wp-content/uploads/2016/11/danimals-sk.jpg,2.76,,,
"Beef, Willow Grove ","Ground Beef, Willow Grove ",7.2,All Groceries,Meat,Freezer,Willow Grove,farm raised,"ground, frozen, 1 pound",https://pilot.myvacayvalet.com/wp-content/uploads/2016/11/fridge-WG-Ground-Beef.jpg,,,$5.95 ,
"Beef, Willow Grove ","Stew Beef, Willow Grove ",8.47,All Groceries,Meat,Freezer,Willow Grove,farm raised,"stew, frozen, 1 pound",https://pilot.myvacayvalet.com/wp-content/uploads/2016/11/freezer-WG-Stew-Beef.jpg,,,$7.00 ,
"Beef, Willow Grove ","Chuck Roast Beef, Willow Grove ",21.78,All Groceries,Meat,Freezer,Willow Grove,farm raised,"chuck roast, frozen, 3 pound, approx.",https://pilot.myvacayvalet.com/wp-content/uploads/2016/11/fridge-WG-Chuck-Roast.jpg,,,$18.00 ,
"Salmon, Willow Grove","Salmon, Willow Grove",13.31,All Groceries,Seafood,Refrigerated,Willow Grove,farm raised,"antibiotic free, fresh, 1 pound",https://pilot.myvacayvalet.com/wp-content/uploads/2016/11/fridge-WG-Fresh-Salmon.jpg,,,$11.00 ,
"Tuna, Willow Grove","Tuna, Willow Grove",10.59,All Groceries,Seafood,Freezer,Willow Grove,,"steak, frozen, 10 ounce",https://pilot.myvacayvalet.com/wp-content/uploads/2016/11/freezer-WG-Tuna-Steak.jpg,,,$8.75 ,
"Snapper, Willow Grove","Snapper, Willow Grove",7.26,All Groceries,Seafood,Freezer,Willow Grove,,"filet, frozen, 8 ounce",https://pilot.myvacayvalet.com/wp-content/uploads/2016/11/freezer-WG-Snapper-filet.jpg,,,$6.00 ,
"Shrimp, Willow Grove","Shrimp, Willow Grove",16.94,All Groceries,Seafood,Freezer,Willow Grove,,"gulf, frozen, 1 pound, 21-25 count",https://pilot.myvacayvalet.com/wp-content/uploads/2016/11/freezer-WG-Gulf-Shrimp.jpg,,,$14.00 ,
"Bread, Main Street Bakery","White Bread, Main Street Bakery",4,All Groceries,Bakery,"Shelf, Perishable",Main Street Bakery,,"white, loaf",https://pilot.myvacayvalet.com/wp-content/uploads/2016/11/msb-white.jpg,,,,$3.00 
"Bread, Main Street Bakery","Oatmeal Bread, Main Street Bakery",4.5,All Groceries,Bakery,"Shelf, Perishable",Main Street Bakery,,"oatmeal, loaf",https://pilot.myvacayvalet.com/wp-content/uploads/2016/11/MSB-bread-loaf.jpg,,,,$3.50 
"Bread, Main Street Bakery","Black Russian Bread, Main Street Bakery",5,All Groceries,Bakery,"Shelf, Perishable",Main Street Bakery,,Russian Black_loaf,https://pilot.myvacayvalet.com/wp-content/uploads/2016/11/msb-russian.jpg,,,,$4.00 
"Bread, Main Street Bakery","Cranberry Walnut Bread, Main Street Bakery",5,All Groceries,Bakery,"Shelf, Perishable",Main Street Bakery,,Cranberry Walnut loaf,https://pilot.myvacayvalet.com/wp-content/uploads/2016/11/msb-cranberry-walnut.jpg,,,,$4.00 
"Muffin, Main Street Bakery","Chocolate Chip Muffin, Main Street Bakery",2.5,All Groceries,Bakery,"Shelf, Perishable",Main Street Bakery,,"Chocolate chip, each",https://pilot.myvacayvalet.com/wp-content/uploads/2016/11/blank.jpg,,,,$1.85 
"Muffin, Main Street Bakery","Pumpkin Cranberry Walnut Muffin, Main Street Bakery",2.5,All Groceries,Bakery,"Shelf, Perishable",Main Street Bakery,,Pumpkin Cranberry Walnut,https://pilot.myvacayvalet.com/wp-content/uploads/2016/11/MSB-Pump-cran-walnut-muffin.jpg,,,,$1.85 
"Bagel, Main Street Bakery","Bagel, Main Street Bakery",6,All Groceries,Bakery,"Shelf, Perishable",Main Street Bakery,,"Plain, 6 count",https://pilot.myvacayvalet.com/wp-content/uploads/2016/11/MSB-bagel.jpg,,,,$5.65 
